resim;yas;bilmiyom
image_100.jpg;21;2.059.547
image_1000.jpg;32;5.390.846
image_1001.jpg;36;4.412.194
image_1002.jpg;24;3.494.164
image_1005.jpg;31;4.316.556
image_1006.jpg;26;3.868.370
image_1008.jpg;31;5.017.130
image_1013.jpg;35;5.731.673
image_1014.jpg;33;4.657.669
image_1016.jpg;38;4.630.744
image_1017.jpg;38;4.969.293
image_1018.jpg;31;3.304.295
image_1021.jpg;31;4.435.478
image_1022.jpg;30;4.453.845
image_1023.jpg;28;2.657.296
image_1024.jpg;29;3.184.785
image_1029.jpg;41;5.541.666
image_103.jpg;22;1.849.726
image_1030.jpg;49;5.672.902
image_1031.jpg;41;4.795.832
image_1034.jpg;56;4.904.038
image_1036.jpg;57;5.551.245
image_1037.jpg;54;5.216.242
image_1039.jpg;62;4.703.451
image_1040.jpg;52;3.895.074
image_1041.jpg;40;5.400.775
image_1044.jpg;54;4.532.709
image_1045.jpg;47;3.328.121
image_1049.jpg;42;3.815.261
image_1050.jpg;37;4.375.255
image_1053.jpg;25;3.081.379
image_1054.jpg;29;4.283.928
image_1055.jpg;27;2.919.026
image_1056.jpg;27;3.329.675
image_1057.jpg;27;3.133.102
image_1058.jpg;24;2.973.254
image_1059.jpg;30;3.159.049
image_106.jpg;24;1.699.940
image_1060.jpg;27;3.642.157
image_1065.jpg;22;2.673.561
image_1066.jpg;39;4.605.343
image_107.jpg;24;2.733.537
image_1071.jpg;33;3.902.511
image_1075.jpg;27;3.828.598
image_1076.jpg;27;3.647.678
image_1080.jpg;27;2.777.765
image_1084.jpg;28;3.530.090
image_1085.jpg;23;2.240.034
image_1088.jpg;28;3.012.793
image_1089.jpg;29;4.509.031
image_109.jpg;24;2.054.805
image_1092.jpg;48;5.079.917
image_1096.jpg;31;3.031.089
image_1097.jpg;44;4.920.672
image_1098.jpg;34;3.741.657
image_1099.jpg;44;3.374.743
image_110.jpg;23;1.991.718
image_1103.jpg;44;4.455.801
image_1104.jpg;36;4.394.725
image_1105.jpg;53;5.549.179
image_1108.jpg;31;4.235.662
image_111.jpg;24;3.383.415
image_1110.jpg;33;2.704.369
image_1111.jpg;44;4.581.674
image_1112.jpg;18;3.365.330
image_1113.jpg;28;3.319.300
image_1114.jpg;29;4.608.652
image_1118.jpg;48;5.818.433
image_1120.jpg;35;4.976.870
image_1121.jpg;37;4.129.559
image_1122.jpg;33;4.185.789
image_1123.jpg;24;4.498.520
image_1125.jpg;34;3.316.625
image_1126.jpg;28;3.540.133
image_1129.jpg;41;3.932.869
image_1131.jpg;49;5.383.516
image_1133.jpg;30;5.530.978
image_1134.jpg;26;3.101.822
image_1138.jpg;27;3.267.028
image_1142.jpg;63;5.792.716
image_1145.jpg;27;2.861.381
image_1147.jpg;27;4.413.535
image_1149.jpg;29;2.878.198
image_115.jpg;23;2.860.199
image_1151.jpg;27;3.634.444
image_1152.jpg;27;2.344.120
image_1154.jpg;26;3.033.823
image_1157.jpg;26;4.696.938
image_1158.jpg;28;2.983.188
image_1159.jpg;33;4.068.933
image_1160.jpg;29;3.020.339
image_1162.jpg;25;2.449.490
image_1163.jpg;30;3.554.962
image_1165.jpg;25;2.470.231
image_1168.jpg;18;1.732.051
image_117.jpg;24;1.920.286
image_1170.jpg;26;4.157.609
image_1175.jpg;31;3.514.849
image_1178.jpg;39;3.530.090
image_1179.jpg;40;5.634.845
image_1181.jpg;50;3.884.702
image_1183.jpg;61;4.907.407
image_1184.jpg;39;3.431.494
image_119.jpg;22;2.533.949
image_1195.jpg;61;3.774.644
image_1197.jpg;57;5.433.292
image_1200.jpg;63;5.961.414
image_1204.jpg;38;2.788.395
image_1205.jpg;44;4.265.952
image_1208.jpg;38;4.536.120
image_1216.jpg;71;5.122.798
image_1219.jpg;53;5.309.190
image_1222.jpg;52;3.681.171
image_1227.jpg;58;4.889.307
image_1234.jpg;28;3.870.691
image_1237.jpg;36;3.684.615
image_1238.jpg;23;2.380.890
image_1240.jpg;27;3.247.211
image_1242.jpg;29;3.555.145
image_1247.jpg;22;2.293.953
image_1248.jpg;23;3.579.990
image_1249.jpg;30;3.594.923
image_1250.jpg;37;4.209.035
image_1251.jpg;39;3.730.733
image_1253.jpg;48;4.467.570
image_1254.jpg;48;5.060.580
image_1255.jpg;41;3.765.304
image_1256.jpg;36;3.570.093
image_1258.jpg;39;4.214.655
image_126.jpg;49;5.547.578
image_1260.jpg;40;4.172.496
image_1261.jpg;48;4.780.384
image_1263.jpg;34;4.464.190
image_1265.jpg;29;2.947.268
image_1266.jpg;44;4.105.127
image_1267.jpg;42;4.802.210
image_1269.jpg;54;4.838.198
image_1270.jpg;45;3.627.261
image_1271.jpg;42;4.763.140
image_1272.jpg;36;3.650.403
image_1276.jpg;71;4.018.552
image_1278.jpg;43;4.529.993
image_1279.jpg;33;4.202.162
image_1281.jpg;26;3.389.660
image_1282.jpg;38;5.544.868
image_1283.jpg;27;3.876.275
image_1286.jpg;30;2.789.375
image_1288.jpg;32;3.481.731
image_1289.jpg;62;4.821.105
image_129.jpg;24;4.380.435
image_1291.jpg;27;3.286.491
image_1293.jpg;54;4.440.971
image_1295.jpg;30;3.645.537
image_1296.jpg;32;4.236.021
image_1301.jpg;29;3.310.466
image_1302.jpg;40;5.945.758
image_1304.jpg;29;3.772.213
image_1305.jpg;25;2.425.418
image_1306.jpg;28;3.526.736
image_1309.jpg;21;2.398.224
image_1312.jpg;28;2.970.089
image_1315.jpg;32;3.791.101
image_1316.jpg;38;4.599.974
image_1318.jpg;29;3.522.522
image_1319.jpg;25;2.710.524
image_132.jpg;23;2.413.116
image_1321.jpg;26;3.644.957
image_1322.jpg;28;3.081.379
image_1323.jpg;28;2.610.810
image_1324.jpg;26;3.245.090
image_1325.jpg;27;3.335.034
image_1326.jpg;31;3.499.789
image_1330.jpg;57;3.743.866
image_1333.jpg;52;4.490.921
image_1339.jpg;56;5.293.064
image_1345.jpg;27;3.285.255
image_1346.jpg;27;3.223.435
image_1347.jpg;32;3.411.582
image_1350.jpg;29;3.292.451
image_1351.jpg;28;4.857.740
image_1354.jpg;36;3.455.550
image_1355.jpg;26;5.165.887
image_1357.jpg;47;5.140.987
image_1358.jpg;24;3.771.585
image_136.jpg;22;3.006.917
image_1362.jpg;28;4.159.540
image_1364.jpg;48;5.329.387
image_1366.jpg;44;3.281.651
image_137.jpg;22;2.784.991
image_1373.jpg;57;5.507.571
image_1374.jpg;33;4.084.898
image_1376.jpg;35;3.598.159
image_1378.jpg;25;3.697.112
image_138.jpg;22;2.172.357
image_1380.jpg;37;2.546.607
image_1381.jpg;28;3.765.304
image_1385.jpg;42;3.975.620
image_1387.jpg;22;3.301.425
image_1389.jpg;54;4.214.655
image_139.jpg;22;1.983.310
image_1390.jpg;51;5.687.437
image_1391.jpg;47;4.196.364
image_1393.jpg;39;4.609.019
image_1396.jpg;31;3.158.533
image_1398.jpg;49;3.962.635
image_140.jpg;23;3.511.054
image_1402.jpg;31;4.448.256
image_1404.jpg;32;3.922.323
image_1405.jpg;31;3.734.150
image_1406.jpg;56;5.198.607
image_1407.jpg;32;3.769.507
image_1408.jpg;59;5.865.847
image_1414.jpg;34;3.820.594
image_1415.jpg;58;4.889.757
image_1417.jpg;32;4.078.315
image_1418.jpg;48;3.763.863
image_1419.jpg;46;3.214.243
image_1420.jpg;46;4.235.662
image_1421.jpg;52;4.235.662
image_1423.jpg;33;3.043.897
image_1424.jpg;55;4.629.100
image_1425.jpg;30;2.801.099
image_1426.jpg;28;2.931.163
image_1427.jpg;27;1.558.387
image_1428.jpg;59;3.599.816
image_1431.jpg;30;2.894.598
image_1433.jpg;37;2.859.635
image_1436.jpg;43;3.077.698
image_1438.jpg;36;3.885.948
image_1439.jpg;46;4.251.634
image_144.jpg;55;3.572.114
image_1440.jpg;40;4.761.781
image_1443.jpg;31;3.687.497
image_1445.jpg;46;4.794.970
image_1446.jpg;27;4.360.935
image_1447.jpg;35;4.692.938
image_1449.jpg;54;5.414.204
image_1453.jpg;36;4.788.071
image_1454.jpg;28;4.225.419
image_1457.jpg;46;3.141.300
image_1458.jpg;45;2.197.363
image_1460.jpg;25;2.677.984
image_1461.jpg;29;3.690.705
image_1462.jpg;39;4.474.781
image_1464.jpg;40;3.711.489
image_1468.jpg;38;4.227.271
image_1469.jpg;26;2.463.941
image_147.jpg;28;5.486.694
image_1471.jpg;42;4.087.794
image_1473.jpg;43;5.040.806
image_1474.jpg;30;3.561.796
image_1475.jpg;38;4.665.117
image_1480.jpg;34;3.805.944
image_1481.jpg;41;4.632.021
image_1482.jpg;28;3.098.005
image_1483.jpg;30;2.973.254
image_1484.jpg;31;3.078.846
image_1488.jpg;32;4.271.829
image_149.jpg;25;3.764.706
image_1491.jpg;37;3.101.822
image_1492.jpg;53;3.616.129
image_1494.jpg;40;4.129.837
image_1496.jpg;42;6.023.622
image_1499.jpg;41;3.929.858
image_15.jpg;19;2.523.959
image_1500.jpg;68;6.184.097
image_1508.jpg;25;3.673.740
image_1510.jpg;29;4.723.629
image_1517.jpg;31;4.257.856
image_1519.jpg;42;4.022.226
image_1520.jpg;24;3.884.135
image_1521.jpg;36;4.641.827
image_1522.jpg;35;4.942.647
image_1523.jpg;38;4.522.267
image_1524.jpg;37;4.694.828
image_1529.jpg;24;3.056.767
image_153.jpg;23;3.825.265
image_1530.jpg;22;3.243.662
image_1532.jpg;57;4.776.727
image_1534.jpg;30;4.132.021
image_1536.jpg;29;3.794.170
image_1538.jpg;24;4.218.999
image_154.jpg;27;4.401.586
image_1545.jpg;19;3.773.463
image_1547.jpg;32;4.182.654
image_1550.jpg;27;3.707.608
image_1553.jpg;13;1.854.027
image_1554.jpg;22;3.417.325
image_1556.jpg;23;5.146.396
image_1561.jpg;27;4.860.372
image_1563.jpg;12;2.201.855
image_1565.jpg;28;3.560.423
image_1568.jpg;23;3.816.724
image_157.jpg;22;2.968.112
image_1571.jpg;24;3.423.203
image_1572.jpg;10;1.724.653
image_1574.jpg;21;3.657.441
image_1579.jpg;23;4.310.279
image_1581.jpg;32;5.268.813
image_1582.jpg;37;4.320.038
image_1585.jpg;33;4.498.235
image_1587.jpg;29;4.325.290
image_1588.jpg;56;4.364.716
image_159.jpg;21;2.368.412
image_1592.jpg;30;3.497.859
image_1593.jpg;27;4.556.453
image_1595.jpg;31;4.073.662
image_1598.jpg;50;5.498.426
image_1599.jpg;23;4.196.772
image_16.jpg;4;1.581.139
image_1601.jpg;21;3.848.797
image_1602.jpg;30;4.691.114
image_1615.jpg;29;4.879.841
image_1616.jpg;61;4.435.643
image_1619.jpg;35;4.774.875
image_1620.jpg;24;3.200.945
image_1621.jpg;57;4.366.562
image_1622.jpg;28;3.739.502
image_1625.jpg;29;4.229.798
image_1627.jpg;27;4.098.534
image_1628.jpg;39;4.428.019
image_1630.jpg;28;4.407.305
image_1633.jpg;19;3.237.127
image_1634.jpg;22;4.289.753
image_1635.jpg;24;4.147.592
image_1636.jpg;30;4.837.995
image_164.jpg;21;2.510.918
image_1641.jpg;25;3.841.108
image_1642.jpg;39;4.383.546
image_1645.jpg;28;4.501.822
image_1650.jpg;27;3.974.720
image_1651.jpg;23;3.641.862
image_1652.jpg;24;3.861.799
image_1653.jpg;37;5.039.031
image_1654.jpg;36;4.500.771
image_1655.jpg;29;4.080.807
image_1656.jpg;24;3.395.575
image_1658.jpg;25;3.675.686
image_166.jpg;19;2.106.537
image_1660.jpg;24;3.918.526
image_1662.jpg;36;5.198.000
image_1668.jpg;16;3.973.462
image_1671.jpg;27;3.981.799
image_1672.jpg;33;5.322.506
image_1673.jpg;46;4.451.883
image_1685.jpg;52;4.923.097
image_1687.jpg;28;4.623.661
image_1688.jpg;28;3.911.923
image_1689.jpg;26;3.713.921
image_169.jpg;20;2.639.099
image_1690.jpg;31;4.343.204
image_1691.jpg;30;4.616.559
image_1692.jpg;31;4.513.969
image_1694.jpg;31;4.368.547
image_1695.jpg;24;3.477.804
image_1698.jpg;49;4.289.077
image_1699.jpg;55;5.159.572
image_170.jpg;21;3.171.019
image_1701.jpg;41;4.734.377
image_1705.jpg;27;3.497.589
image_1706.jpg;32;4.646.218
image_1707.jpg;18;2.884.185
image_1708.jpg;23;3.881.062
image_1709.jpg;33;4.786.804
image_1710.jpg;25;4.120.536
image_1713.jpg;55;5.512.162
image_1716.jpg;15;2.605.289
image_1717.jpg;25;3.644.985
image_1718.jpg;23;4.787.890
image_1719.jpg;24;4.062.873
image_1721.jpg;40;4.286.651
image_1723.jpg;26;4.577.170
image_1724.jpg;25;4.823.539
image_1725.jpg;23;4.485.157
image_1727.jpg;21;3.661.791
image_1728.jpg;20;3.713.152
image_173.jpg;22;2.180.724
image_1730.jpg;25;4.133.542
image_1731.jpg;19;2.956.866
image_1733.jpg;33;4.224.570
image_174.jpg;23;3.761.960
image_1740.jpg;35;4.278.364
image_1743.jpg;50;4.533.863
image_1746.jpg;31;5.661.315
image_1747.jpg;29;4.171.197
image_1748.jpg;39;4.762.540
image_1749.jpg;48;5.056.605
image_1752.jpg;25;4.194.953
image_1755.jpg;45;5.333.895
image_1759.jpg;25;4.268.874
image_176.jpg;17;2.776.570
image_1762.jpg;29;4.080.541
image_1764.jpg;29;3.728.571
image_1766.jpg;19;3.489.273
image_1767.jpg;22;4.424.703
image_1768.jpg;28;3.516.030
image_1769.jpg;63;4.434.318
image_1770.jpg;20;3.904.412
image_1773.jpg;33;4.177.377
image_1775.jpg;39;4.599.823
image_1777.jpg;24;3.588.003
image_1779.jpg;18;2.997.423
image_178.jpg;17;2.635.924
image_1781.jpg;48;4.530.411
image_1782.jpg;41;4.485.750
image_1784.jpg;37;4.082.823
image_1785.jpg;31;5.683.465
image_1786.jpg;23;5.892.965
image_1789.jpg;18;3.295.182
image_1790.jpg;16;2.858.785
image_1791.jpg;30;4.777.947
image_1792.jpg;24;3.850.825
image_1793.jpg;17;3.756.317
image_1794.jpg;52;4.299.581
image_1795.jpg;35;5.366.124
image_1797.jpg;21;3.863.299
image_1798.jpg;21;4.157.006
image_180.jpg;19;3.026.984
image_1800.jpg;22;3.944.599
image_1801.jpg;23;3.187.929
image_1802.jpg;22;4.727.260
image_1803.jpg;20;4.014.079
image_1804.jpg;32;4.058.203
image_1805.jpg;16;3.025.098
image_1808.jpg;18;3.445.840
image_1809.jpg;23;4.397.595
image_1815.jpg;28;4.086.986
image_1819.jpg;20;3.789.244
image_1822.jpg;15;2.711.439
image_1824.jpg;37;4.289.741
image_1825.jpg;23;4.761.267
image_1828.jpg;21;3.567.915
image_1829.jpg;44;4.895.917
image_183.jpg;19;2.223.483
image_1831.jpg;22;4.572.934
image_1832.jpg;28;4.036.637
image_1833.jpg;27;4.659.955
image_1834.jpg;18;3.064.990
image_1835.jpg;31;4.247.582
image_1836.jpg;22;3.775.488
image_1838.jpg;25;4.022.299
image_184.jpg;8;2.353.708
image_1841.jpg;27;2.757.692
image_1842.jpg;28;4.073.619
image_1844.jpg;26;3.906.720
image_1846.jpg;59;4.298.573
image_1852.jpg;21;3.896.351
image_1854.jpg;21;3.774.241
image_1855.jpg;23;3.987.611
image_1856.jpg;22;4.274.963
image_1857.jpg;22;3.582.209
image_1858.jpg;19;3.357.120
image_1863.jpg;21;3.909.820
image_1866.jpg;24;4.250.084
image_1867.jpg;32;4.584.775
image_1870.jpg;35;5.141.903
image_1871.jpg;23;4.381.780
image_1872.jpg;20;4.062.395
image_1874.jpg;20;3.490.913
image_1875.jpg;27;3.687.609
image_1876.jpg;28;4.108.855
image_1879.jpg;19;3.492.317
image_188.jpg;20;2.996.597
image_1884.jpg;25;3.822.538
image_1886.jpg;26;4.661.467
image_1887.jpg;22;4.553.831
image_1888.jpg;36;5.233.590
image_1889.jpg;37;5.002.222
image_189.jpg;24;2.818.623
image_1892.jpg;19;3.574.558
image_1893.jpg;55;4.311.418
image_1894.jpg;47;4.699.201
image_1895.jpg;21;3.401.396
image_1897.jpg;38;4.486.608
image_1898.jpg;25;3.976.333
image_19.jpg;3;1.151.397
image_1901.jpg;25;3.805.327
image_1904.jpg;15;4.513.245
image_1907.jpg;12;1.709.188
image_1908.jpg;20;4.135.919
image_1911.jpg;9;1.879.627
image_1912.jpg;22;3.511.074
image_1913.jpg;39;5.232.197
image_1915.jpg;37;4.342.251
image_1916.jpg;33;4.033.698
image_1917.jpg;34;4.819.733
image_1919.jpg;25;3.333.500
image_192.jpg;47;5.497.474
image_1921.jpg;39;5.075.772
image_1922.jpg;24;4.446.427
image_1925.jpg;27;4.052.700
image_193.jpg;23;2.270.585
image_1930.jpg;15;2.352.906
image_1933.jpg;22;3.474.382
image_1937.jpg;24;4.216.809
image_1938.jpg;31;4.370.567
image_1942.jpg;21;2.974.869
image_1944.jpg;48;4.314.090
image_1946.jpg;41;4.632.236
image_1947.jpg;27;4.716.733
image_1948.jpg;29;4.696.711
image_195.jpg;37;5.515.000
image_1950.jpg;18;2.921.790
image_1951.jpg;24;3.513.982
image_1952.jpg;29;4.576.213
image_1953.jpg;24;4.058.397
image_1955.jpg;28;4.228.475
image_1956.jpg;40;4.468.606
image_1957.jpg;28;3.645.139
image_196.jpg;32;5.482.295
image_1960.jpg;51;4.584.156
image_1962.jpg;22;4.744.310
image_1963.jpg;37;4.003.430
image_1964.jpg;39;4.740.759
image_1965.jpg;26;4.138.423
image_1966.jpg;37;4.748.046
image_1969.jpg;31;4.908.481
image_197.jpg;16;3.126.156
image_1970.jpg;16;2.598.015
image_1971.jpg;42;4.474.896
image_1973.jpg;19;3.866.458
image_1974.jpg;20;3.812.614
image_1975.jpg;35;4.679.677
image_1976.jpg;38;4.319.057
image_1978.jpg;25;4.143.557
image_198.jpg;13;2.371.708
image_1984.jpg;20;4.189.715
image_1985.jpg;32;4.574.365
image_1989.jpg;23;3.182.292
image_1991.jpg;38;5.175.346
image_1994.jpg;25;3.294.058
image_200.jpg;34;2.792.052
image_2010.jpg;27;3.996.520
image_2014.jpg;32;4.288.697
image_2015.jpg;14;2.410.377
image_2016.jpg;38;5.031.449
image_2018.jpg;20;3.889.218
image_202.jpg;32;4.883.532
image_2023.jpg;16;2.975.159
image_2024.jpg;31;4.540.792
image_2025.jpg;17;2.605.446
image_2026.jpg;28;4.157.571
image_2029.jpg;36;4.385.159
image_2030.jpg;28;5.312.461
image_2035.jpg;35;4.702.508
image_2036.jpg;20;3.646.382
image_2037.jpg;21;3.272.457
image_2039.jpg;26;3.860.245
image_204.jpg;42;5.958.188
image_2041.jpg;29;4.845.101
image_2042.jpg;42;4.973.708
image_2046.jpg;29;4.519.058
image_2049.jpg;26;3.860.448
image_2050.jpg;36;4.789.321
image_2051.jpg;26;4.118.484
image_2053.jpg;18;3.035.731
image_2054.jpg;20;4.253.516
image_2056.jpg;47;5.005.103
image_2062.jpg;21;4.942.019
image_2064.jpg;19;3.250.400
image_2066.jpg;27;4.297.206
image_2067.jpg;37;5.925.699
image_207.jpg;5;1.448.712
image_2070.jpg;19;3.459.894
image_2071.jpg;47;4.594.244
image_2073.jpg;17;3.332.007
image_2077.jpg;25;4.128.103
image_2078.jpg;21;3.227.778
image_2089.jpg;26;4.245.075
image_2092.jpg;45;5.113.646
image_2093.jpg;18;4.774.165
image_2097.jpg;19;3.487.284
image_2098.jpg;18;3.212.735
image_2099.jpg;15;1.921.554
image_210.jpg;22;2.917.138
image_2101.jpg;18;2.547.724
image_2104.jpg;26;4.235.661
image_2107.jpg;27;4.948.433
image_2108.jpg;30;4.370.688
image_2109.jpg;16;2.813.844
image_211.jpg;28;3.226.169
image_2110.jpg;31;4.894.812
image_2114.jpg;41;4.175.962
image_2117.jpg;33;4.460.570
image_2118.jpg;40;4.846.210
image_212.jpg;19;4.284.338
image_2120.jpg;36;4.156.852
image_2121.jpg;39;4.503.377
image_2122.jpg;51;4.313.623
image_2126.jpg;30;4.172.926
image_2127.jpg;28;4.645.454
image_2129.jpg;33;4.325.264
image_213.jpg;18;3.944.933
image_2135.jpg;52;4.324.206
image_2137.jpg;46;5.133.050
image_2139.jpg;46;4.436.073
image_2142.jpg;29;4.236.083
image_2143.jpg;39;4.897.693
image_2147.jpg;42;3.919.012
image_2148.jpg;24;3.977.439
image_2149.jpg;31;4.747.021
image_215.jpg;29;4.443.658
image_2150.jpg;29;3.864.207
image_2152.jpg;22;3.952.863
image_2153.jpg;23;5.398.412
image_2154.jpg;60;4.705.216
image_2158.jpg;15;3.307.189
image_2159.jpg;22;3.028.670
image_216.jpg;29;3.887.078
image_2160.jpg;31;3.719.682
image_2161.jpg;31;4.318.439
image_2163.jpg;41;4.871.927
image_2165.jpg;20;2.767.972
image_2167.jpg;52;5.295.274
image_2168.jpg;26;4.578.806
image_2169.jpg;27;4.787.076
image_2170.jpg;28;3.797.042
image_2171.jpg;27;5.135.903
image_2174.jpg;43;5.540.024
image_2175.jpg;44;4.941.895
image_2176.jpg;57;5.035.359
image_2177.jpg;57;4.291.294
image_2178.jpg;29;5.027.484
image_218.jpg;27;4.486.667
image_2181.jpg;26;4.649.653
image_2182.jpg;32;4.956.598
image_2184.jpg;48;4.829.216
image_2185.jpg;28;4.363.758
image_2188.jpg;20;4.315.678
image_2189.jpg;28;4.525.393
image_2190.jpg;40;4.705.882
image_2191.jpg;25;4.349.896
image_2192.jpg;25;4.356.650
image_2193.jpg;44;4.912.616
image_2195.jpg;27;4.922.750
image_2198.jpg;31;4.169.238
image_2199.jpg;21;4.344.462
image_2201.jpg;30;4.606.609
image_2202.jpg;16;2.371.390
image_2205.jpg;37;4.769.630
image_2206.jpg;23;1.726.594
image_221.jpg;26;3.251.373
image_2210.jpg;18;4.011.230
image_2211.jpg;21;5.005.076
image_2215.jpg;27;4.562.650
image_2216.jpg;37;5.134.934
image_2217.jpg;30;5.126.711
image_2218.jpg;26;3.597.860
image_2219.jpg;24;3.775.653
image_222.jpg;24;2.828.427
image_2222.jpg;26;4.624.986
image_2224.jpg;28;4.051.102
image_2225.jpg;44;4.270.831
image_2229.jpg;48;4.537.345
image_223.jpg;56;5.448.624
image_2232.jpg;16;2.612.316
image_2233.jpg;16;2.447.802
image_2234.jpg;25;5.027.345
image_2236.jpg;18;3.446.455
image_2239.jpg;59;4.362.516
image_2240.jpg;34;5.046.335
image_2241.jpg;28;4.867.850
image_2242.jpg;39;5.951.049
image_225.jpg;55;4.955.423
image_2251.jpg;13;2.061.974
image_2252.jpg;28;4.418.515
image_2255.jpg;21;4.033.248
image_2256.jpg;21;3.883.627
image_226.jpg;28;3.074.999
image_2260.jpg;35;4.948.717
image_2261.jpg;33;4.019.423
image_2262.jpg;21;3.965.647
image_2264.jpg;58;4.637.479
image_2265.jpg;36;4.399.474
image_2267.jpg;44;5.520.165
image_2268.jpg;50;5.352.701
image_227.jpg;24;3.862.210
image_2272.jpg;29;4.800.111
image_2273.jpg;28;4.187.647
image_2274.jpg;17;2.964.090
image_2275.jpg;23;3.252.053
image_2278.jpg;28;4.114.191
image_2281.jpg;26;5.739.082
image_2287.jpg;17;2.793.243
image_2288.jpg;50;4.956.838
image_2289.jpg;21;3.994.226
image_229.jpg;24;2.737.395
image_2290.jpg;24;3.830.589
image_2291.jpg;17;3.063.842
image_2292.jpg;21;3.824.419
image_2294.jpg;23;3.819.110
image_2295.jpg;23;4.376.762
image_2298.jpg;24;3.986.004
image_2299.jpg;33;5.834.381
image_23.jpg;23;2.802.655
image_230.jpg;26;3.000.986
image_2300.jpg;37;4.342.275
image_2302.jpg;16;3.010.392
image_2304.jpg;21;4.035.483
image_2307.jpg;31;4.647.643
image_2308.jpg;33;5.248.860
image_2310.jpg;64;4.685.585
image_2312.jpg;56;4.244.868
image_2315.jpg;24;4.661.154
image_2316.jpg;22;4.205.651
image_2317.jpg;28;4.358.899
image_2318.jpg;44;4.295.055
image_2321.jpg;23;4.004.585
image_2322.jpg;24;5.274.816
image_2323.jpg;22;4.108.693
image_2324.jpg;18;3.055.407
image_2327.jpg;24;4.546.672
image_233.jpg;3;1.032.631
image_2333.jpg;31;5.229.199
image_2334.jpg;14;1.820.867
image_2335.jpg;27;4.680.403
image_2337.jpg;21;3.885.422
image_2338.jpg;19;3.651.124
image_2339.jpg;18;3.535.180
image_234.jpg;16;2.177.107
image_2344.jpg;27;3.401.879
image_2345.jpg;28;3.715.357
image_2348.jpg;17;2.757.742
image_2349.jpg;24;3.737.165
image_2350.jpg;24;4.852.472
image_2351.jpg;35;5.118.276
image_2352.jpg;26;4.192.881
image_2355.jpg;28;4.314.775
image_2356.jpg;23;4.378.088
image_2358.jpg;23;3.923.282
image_2359.jpg;21;4.280.891
image_2363.jpg;26;5.168.957
image_2364.jpg;33;5.456.442
image_2367.jpg;19;2.985.893
image_2371.jpg;20;5.042.132
image_2374.jpg;20;4.516.741
image_2375.jpg;25;4.067.019
image_2376.jpg;32;4.784.349
image_238.jpg;26;4.013.371
image_2381.jpg;18;2.930.119
image_2382.jpg;17;3.035.588
image_2385.jpg;22;3.714.283
image_239.jpg;24;2.352.810
image_2390.jpg;36;5.223.977
image_2391.jpg;32;4.117.379
image_2393.jpg;27;4.901.452
image_2397.jpg;31;3.609.341
image_2399.jpg;26;4.357.483
image_24.jpg;23;2.668.163
image_2400.jpg;27;4.409.065
image_2401.jpg;27;4.111.308
image_2406.jpg;19;3.562.350
image_2408.jpg;15;2.334.524
image_241.jpg;23;1.806.162
image_2410.jpg;54;4.244.781
image_2411.jpg;14;2.625.972
image_2413.jpg;33;3.628.987
image_2414.jpg;37;4.770.736
image_2418.jpg;25;4.088.102
image_2419.jpg;16;3.719.628
image_2425.jpg;37;4.753.894
image_2427.jpg;47;4.641.253
image_2428.jpg;43;4.213.617
image_2429.jpg;63;4.413.112
image_243.jpg;19;2.650.568
image_2431.jpg;52;4.124.493
image_2433.jpg;36;5.156.444
image_2436.jpg;16;2.821.113
image_2437.jpg;35;4.951.916
image_2439.jpg;50;5.158.969
image_2446.jpg;22;4.120.545
image_2448.jpg;31;4.803.227
image_2449.jpg;39;4.721.212
image_245.jpg;39;4.255.249
image_2450.jpg;25;4.021.306
image_2451.jpg;58;4.979.759
image_2453.jpg;52;4.627.145
image_2455.jpg;52;4.576.761
image_2458.jpg;48;5.189.543
image_2459.jpg;32;5.194.147
image_2461.jpg;29;4.214.546
image_2462.jpg;37;5.738.665
image_2463.jpg;57;4.582.143
image_2464.jpg;44;5.213.070
image_2465.jpg;52;4.254.653
image_2469.jpg;31;4.357.078
image_2475.jpg;58;4.344.537
image_2476.jpg;45;4.585.805
image_2478.jpg;35;4.593.226
image_2479.jpg;35;4.620.335
image_248.jpg;62;4.252.369
image_2482.jpg;27;3.602.111
image_2484.jpg;28;3.853.426
image_2487.jpg;38;4.928.235
image_2488.jpg;24;4.952.525
image_249.jpg;54;5.427.204
image_2490.jpg;32;4.590.581
image_2491.jpg;50;4.561.904
image_2492.jpg;16;3.366.973
image_2493.jpg;32;5.870.388
image_2496.jpg;20;3.556.218
image_2498.jpg;16;3.285.084
image_250.jpg;47;5.249.339
image_2500.jpg;45;4.307.723
image_2501.jpg;56;5.277.776
image_2502.jpg;47;4.038.874
image_2503.jpg;16;2.956.992
image_2515.jpg;30;5.282.564
image_2516.jpg;16;2.635.124
image_2519.jpg;18;3.059.310
image_252.jpg;29;3.426.339
image_2520.jpg;24;5.841.640
image_2523.jpg;28;4.766.122
image_2524.jpg;24;5.340.478
image_2528.jpg;49;4.009.050
image_253.jpg;30;4.296.769
image_2530.jpg;21;4.020.270
image_2534.jpg;23;3.620.420
image_2535.jpg;23;5.034.349
image_2536.jpg;27;4.335.669
image_2537.jpg;24;5.656.240
image_2538.jpg;24;4.004.997
image_2539.jpg;28;4.315.594
image_2540.jpg;26;4.252.958
image_2541.jpg;22;3.964.811
image_2542.jpg;17;3.541.657
image_2544.jpg;21;4.045.027
image_2545.jpg;52;4.683.772
image_2546.jpg;29;3.678.477
image_2547.jpg;22;4.607.078
image_2548.jpg;15;2.267.236
image_2549.jpg;22;4.065.846
image_2552.jpg;25;4.380.803
image_2553.jpg;54;5.369.886
image_2554.jpg;27;5.734.614
image_2555.jpg;31;5.030.691
image_2556.jpg;21;3.644.646
image_2559.jpg;16;2.983.374
image_256.jpg;67;4.185.769
image_2560.jpg;31;4.336.335
image_2563.jpg;23;4.319.175
image_2565.jpg;28;5.226.701
image_2567.jpg;35;4.965.856
image_2569.jpg;44;4.728.978
image_2570.jpg;20;4.169.921
image_2571.jpg;17;2.645.189
image_2575.jpg;18;4.247.811
image_2576.jpg;45;3.252.893
image_2577.jpg;25;4.873.638
image_2578.jpg;18;4.678.556
image_2579.jpg;12;3.341.892
image_258.jpg;35;5.655.283
image_2580.jpg;23;4.262.772
image_2583.jpg;21;3.911.932
image_2584.jpg;19;2.929.636
image_2586.jpg;34;3.981.729
image_2588.jpg;22;3.801.913
image_2589.jpg;18;3.369.061
image_2591.jpg;18;2.959.561
image_2593.jpg;35;4.325.953
image_2594.jpg;46;4.703.044
image_2595.jpg;60;5.796.836
image_2596.jpg;50;4.659.399
image_2597.jpg;39;4.581.899
image_2599.jpg;56;3.639.354
image_26.jpg;21;3.353.186
image_260.jpg;21;4.665.117
image_2600.jpg;37;4.941.753
image_2602.jpg;45;4.272.925
image_2604.jpg;43;4.436.620
image_2605.jpg;31;2.995.532
image_2607.jpg;35;4.443.658
image_2611.jpg;28;4.624.380
image_2612.jpg;54;4.216.358
image_2613.jpg;53;5.377.135
image_2615.jpg;20;4.052.343
image_2617.jpg;27;4.743.416
image_2619.jpg;44;5.010.646
image_262.jpg;22;3.386.363
image_2620.jpg;45;3.450.604
image_2623.jpg;60;4.204.320
image_2624.jpg;41;4.231.805
image_263.jpg;33;3.031.089
image_2634.jpg;35;5.186.508
image_2635.jpg;52;4.913.448
image_2638.jpg;37;4.578.533
image_264.jpg;25;3.448.671
image_2641.jpg;57;4.240.681
image_2642.jpg;51;4.444.847
image_2644.jpg;45;4.279.278
image_265.jpg;26;2.500.000
image_2650.jpg;39;4.060.775
image_2651.jpg;38;4.654.650
image_2652.jpg;41;3.952.136
image_2654.jpg;47;3.631.991
image_2655.jpg;44;5.245.576
image_2656.jpg;39;4.492.533
image_266.jpg;63;5.453.421
image_2660.jpg;61;4.402.187
image_2661.jpg;39;4.213.502
image_2663.jpg;42;3.769.507
image_2666.jpg;37;4.667.976
image_2667.jpg;59;3.946.025
image_2668.jpg;36;4.645.911
image_267.jpg;21;2.736.749
image_2670.jpg;42;4.682.080
image_2672.jpg;28;5.059.644
image_2676.jpg;52;4.844.858
image_2681.jpg;24;3.591.208
image_2682.jpg;29;4.712.590
image_2683.jpg;37;4.440.971
image_2684.jpg;41;4.585.358
image_2686.jpg;39;4.576.909
image_2687.jpg;56;4.867.626
image_269.jpg;33;4.081.372
image_2696.jpg;42;4.767.313
image_2697.jpg;63;5.108.109
image_2699.jpg;43;3.704.352
image_2705.jpg;34;4.232.808
image_2706.jpg;36;4.973.391
image_2707.jpg;33;5.051.717
image_2709.jpg;45;4.618.589
image_271.jpg;34;4.205.816
image_2711.jpg;49;2.300.820
image_2712.jpg;54;4.209.211
image_2716.jpg;21;4.836.376
image_2719.jpg;42;4.171.131
image_2721.jpg;57;4.877.563
image_2724.jpg;31;3.927.070
image_2726.jpg;46;4.861.440
image_2727.jpg;16;2.597.264
image_2728.jpg;25;4.944.090
image_273.jpg;30;4.888.081
image_2730.jpg;57;4.584.278
image_2734.jpg;15;2.699.987
image_2735.jpg;18;1.791.613
image_2737.jpg;38;4.817.443
image_2738.jpg;52;5.705.613
image_2740.jpg;9;1.439.479
image_2744.jpg;28;4.720.145
image_2745.jpg;29;4.064.752
image_2746.jpg;45;4.193.850
image_2747.jpg;17;3.058.945
image_2748.jpg;16;2.402.519
image_2750.jpg;51;5.731.360
image_2751.jpg;19;3.171.807
image_2753.jpg;50;5.294.820
image_2754.jpg;33;4.654.601
image_2755.jpg;38;4.927.643
image_2758.jpg;20;3.724.574
image_276.jpg;29;2.820.559
image_2760.jpg;18;2.716.953
image_2761.jpg;20;4.191.666
image_2762.jpg;28;4.457.185
image_2763.jpg;41;4.264.029
image_2764.jpg;46;4.508.480
image_2765.jpg;23;4.773.880
image_2766.jpg;21;4.810.172
image_277.jpg;23;2.547.508
image_2770.jpg;16;2.081.666
image_2773.jpg;40;3.132.432
image_2774.jpg;34;4.748.495
image_2775.jpg;13;2.496.637
image_2776.jpg;43;3.998.615
image_2779.jpg;23;4.451.896
image_2783.jpg;24;4.964.765
image_2785.jpg;56;5.514.771
image_2786.jpg;9;1.436.065
image_2788.jpg;36;4.329.411
image_2789.jpg;28;5.078.758
image_279.jpg;44;2.998.622
image_2790.jpg;37;4.973.932
image_2791.jpg;27;4.373.374
image_2795.jpg;22;4.610.674
image_2797.jpg;19;4.139.080
image_2798.jpg;19;4.347.763
image_2799.jpg;16;2.215.437
image_28.jpg;15;2.260.177
image_2800.jpg;14;3.462.716
image_2807.jpg;59;4.451.974
image_2808.jpg;19;4.802.210
image_281.jpg;28;3.712.225
image_2810.jpg;18;2.785.613
image_2813.jpg;25;4.084.085
image_2815.jpg;18;3.725.055
image_2817.jpg;66;4.154.393
image_2818.jpg;49;5.746.980
image_2819.jpg;19;3.484.250
image_282.jpg;34;4.249.850
image_2820.jpg;20;3.671.703
image_2822.jpg;36;4.424.061
image_2827.jpg;14;3.191.174
image_2828.jpg;21;3.110.241
image_2829.jpg;28;4.227.162
image_283.jpg;27;3.833.259
image_2830.jpg;42;4.519.547
image_2831.jpg;31;4.897.067
image_2833.jpg;26;4.635.461
image_2836.jpg;38;4.733.741
image_284.jpg;24;4.182.690
image_2840.jpg;54;4.336.071
image_2841.jpg;42;3.622.844
image_2842.jpg;26;3.684.204
image_2847.jpg;20;3.609.161
image_285.jpg;43;4.078.940
image_2850.jpg;56;4.895.275
image_2854.jpg;34;5.126.788
image_286.jpg;7;1.456.863
image_2860.jpg;48;4.582.328
image_2863.jpg;29;5.022.284
image_2864.jpg;30;4.023.783
image_2868.jpg;12;1.739.787
image_2869.jpg;38;5.002.550
image_287.jpg;31;4.103.686
image_2873.jpg;30;4.657.209
image_2876.jpg;41;5.269.090
image_2877.jpg;27;4.702.061
image_2878.jpg;28;5.540.083
image_2879.jpg;31;3.181.580
image_2880.jpg;27;3.851.032
image_2881.jpg;38;5.557.872
image_2882.jpg;39;4.800.000
image_2883.jpg;20;2.580.342
image_2884.jpg;46;3.915.780
image_2885.jpg;37;4.436.620
image_2889.jpg;25;3.881.580
image_2890.jpg;40;4.014.418
image_2891.jpg;27;5.250.935
image_2893.jpg;53;4.897.385
image_2894.jpg;48;4.397.600
image_2897.jpg;25;4.832.615
image_2898.jpg;25;5.928.818
image_290.jpg;34;4.011.817
image_2900.jpg;24;4.242.208
image_2901.jpg;37;5.300.655
image_2903.jpg;40;3.929.149
image_2904.jpg;36;5.567.764
image_2909.jpg;21;4.041.404
image_291.jpg;49;4.391.954
image_2913.jpg;19;3.314.268
image_2914.jpg;18;3.812.820
image_2917.jpg;29;4.368.811
image_2918.jpg;49;5.981.717
image_2921.jpg;48;4.781.423
image_2922.jpg;29;4.249.967
image_2926.jpg;41;5.481.750
image_2927.jpg;37;5.880.760
image_293.jpg;48;4.590.903
image_2934.jpg;24;4.374.802
image_2935.jpg;26;6.256.237
image_2936.jpg;29;3.843.893
image_2942.jpg;44;5.767.084
image_2943.jpg;24;4.711.216
image_2947.jpg;34;4.117.113
image_2950.jpg;23;4.901.756
image_2952.jpg;38;5.058.075
image_2954.jpg;31;4.479.087
image_2956.jpg;35;4.892.032
image_296.jpg;23;3.057.276
image_2961.jpg;36;4.692.893
image_2962.jpg;34;6.105.098
image_2963.jpg;41;4.876.585
image_2964.jpg;37;4.377.387
image_2965.jpg;41;4.379.412
image_297.jpg;38;5.533.117
image_2982.jpg;39;4.972.627
image_2984.jpg;46;4.637.319
image_2987.jpg;33;4.251.001
image_299.jpg;34;4.866.063
image_2991.jpg;35;4.947.475
image_2994.jpg;23;5.073.761
image_2995.jpg;34;4.232.021
image_2997.jpg;30;5.604.003
image_2998.jpg;41;3.774.440
image_2999.jpg;25;4.515.267
image_30.jpg;22;1.777.561
image_300.jpg;7;2.266.295
image_3000.jpg;26;4.786.762
image_3002.jpg;49;4.428.318
image_3004.jpg;41;6.624.522
image_3005.jpg;44;4.179.979
image_3006.jpg;35;4.430.011
image_3008.jpg;25;3.602.268
image_3009.jpg;50;4.177.082
image_3010.jpg;44;4.272.002
image_3015.jpg;30;2.947.268
image_3016.jpg;28;4.421.654
image_3018.jpg;24;3.527.148
image_3019.jpg;32;4.232.380
image_3022.jpg;22;5.236.623
image_3023.jpg;51;3.981.611
image_3025.jpg;32;4.305.312
image_3029.jpg;37;5.487.617
image_3031.jpg;30;3.640.055
image_3034.jpg;25;3.758.796
image_3037.jpg;13;1.670.902
image_3039.jpg;32;4.542.729
image_304.jpg;31;4.974.239
image_3041.jpg;33;4.587.636
image_3042.jpg;38;4.353.449
image_3043.jpg;26;4.693.236
image_3045.jpg;30;4.549.115
image_3046.jpg;24;3.127.397
image_3047.jpg;17;2.989.232
image_3049.jpg;39;5.071.427
image_3051.jpg;31;5.425.864
image_3052.jpg;36;3.640.055
image_3054.jpg;37;5.928.641
image_3055.jpg;24;4.404.663
image_3057.jpg;26;4.335.074
image_3058.jpg;44;5.035.871
image_3059.jpg;26;4.139.777
image_3061.jpg;34;4.152.840
image_3066.jpg;20;4.017.535
image_3069.jpg;46;4.682.140
image_307.jpg;45;3.539.860
image_3070.jpg;55;5.639.995
image_3071.jpg;27;4.846.827
image_3073.jpg;30;4.980.518
image_3074.jpg;34;4.529.607
image_3077.jpg;29;4.152.698
image_3079.jpg;49;5.403.394
image_3080.jpg;39;4.426.453
image_3081.jpg;62;4.238.715
image_3082.jpg;30;4.447.127
image_3084.jpg;22;4.383.713
image_3085.jpg;17;2.999.711
image_3086.jpg;28;4.128.375
image_3087.jpg;34;5.810.336
image_3088.jpg;22;3.613.609
image_3089.jpg;25;4.799.000
image_3090.jpg;27;3.975.232
image_3091.jpg;46;4.681.706
image_3093.jpg;25;5.624.023
image_3094.jpg;13;2.228.447
image_3095.jpg;12;1.617.380
image_31.jpg;24;2.523.238
image_3101.jpg;20;3.703.002
image_3103.jpg;22;4.331.753
image_3108.jpg;17;3.229.102
image_3109.jpg;22;4.473.710
image_3111.jpg;32;4.069.865
image_3113.jpg;16;2.651.383
image_3115.jpg;26;4.274.299
image_3116.jpg;22;3.057.014
image_3119.jpg;14;1.816.441
image_312.jpg;29;4.666.424
image_3123.jpg;37;4.414.725
image_3125.jpg;35;3.943.627
image_3126.jpg;38;4.351.275
image_313.jpg;36;5.400.617
image_3130.jpg;25;3.613.912
image_3131.jpg;53;4.313.113
image_3133.jpg;18;2.645.394
image_3135.jpg;17;3.065.740
image_314.jpg;37;3.529.034
image_3145.jpg;19;3.042.236
image_3146.jpg;16;2.916.059
image_3148.jpg;51;4.763.140
image_3150.jpg;48;6.213.322
image_3155.jpg;23;2.807.899
image_3157.jpg;28;2.242.678
image_3158.jpg;40;5.473.099
image_316.jpg;62;4.268.749
image_3165.jpg;34;4.911.323
image_3166.jpg;34;5.049.924
image_3169.jpg;35;4.147.507
image_3171.jpg;38;5.319.687
image_3172.jpg;42;4.600.896
image_3173.jpg;47;4.905.910
image_3175.jpg;46;3.690.677
image_3176.jpg;21;5.136.363
image_3177.jpg;33;4.547.878
image_3178.jpg;37;5.404.612
image_3179.jpg;30;5.377.135
image_3181.jpg;21;4.535.781
image_3182.jpg;38;5.544.367
image_3185.jpg;34;4.196.992
image_3186.jpg;27;3.489.050
image_3187.jpg;28;5.165.321
image_3188.jpg;31;4.970.915
image_319.jpg;28;3.478.799
image_3191.jpg;22;5.974.483
image_3192.jpg;30;2.524.371
image_3194.jpg;38;3.916.611
image_3195.jpg;32;4.609.349
image_3197.jpg;24;4.908.043
image_3198.jpg;23;4.404.450
image_3199.jpg;21;4.006.914
image_3200.jpg;17;3.949.296
image_3201.jpg;34;4.569.679
image_3204.jpg;62;3.756.476
image_3205.jpg;19;3.039.682
image_3206.jpg;21;3.639.518
image_3208.jpg;20;4.109.051
image_3209.jpg;25;4.166.667
image_3210.jpg;27;5.357.122
image_3211.jpg;15;3.450.344
image_3216.jpg;18;3.991.074
image_3217.jpg;47;4.646.504
image_3219.jpg;15;2.401.105
image_3221.jpg;34;3.593.547
image_3229.jpg;18;2.888.308
image_323.jpg;56;4.578.065
image_3233.jpg;33;5.382.585
image_3234.jpg;66;5.205.822
image_3235.jpg;27;4.587.369
image_324.jpg;57;4.429.594
image_3243.jpg;17;1.813.529
image_3244.jpg;22;3.233.207
image_3245.jpg;24;3.721.312
image_3246.jpg;40;3.989.783
image_3248.jpg;25;4.382.414
image_3249.jpg;19;3.070.279
image_3250.jpg;20;3.331.499
image_3253.jpg;23;5.780.114
image_3255.jpg;25;4.065.158
image_3256.jpg;27;4.503.967
image_326.jpg;25;3.989.783
image_3261.jpg;19;2.596.883
image_3263.jpg;28;4.645.039
image_3264.jpg;36;4.705.157
image_3267.jpg;20;3.104.857
image_327.jpg;33;4.405.647
image_3272.jpg;24;4.157.727
image_3275.jpg;27;4.081.441
image_3276.jpg;18;2.523.024
image_3277.jpg;78;6.210.989
image_328.jpg;37;3.278.042
image_3280.jpg;32;4.360.286
image_3281.jpg;15;1.608.988
image_3285.jpg;22;2.946.915
image_3287.jpg;21;4.034.190
image_3288.jpg;32;5.157.720
image_329.jpg;31;3.943.478
image_3290.jpg;29;5.042.570
image_3292.jpg;25;3.226.953
image_3293.jpg;23;4.354.648
image_3294.jpg;21;3.542.848
image_330.jpg;35;4.463.000
image_3301.jpg;21;4.494.895
image_3304.jpg;24;5.111.262
image_3306.jpg;33;5.428.030
image_3307.jpg;25;2.881.936
image_3309.jpg;25;4.541.284
image_331.jpg;26;3.717.718
image_3311.jpg;45;5.864.434
image_3313.jpg;26;3.696.244
image_3314.jpg;37;4.316.028
image_3316.jpg;17;2.642.625
image_3321.jpg;37;5.294.996
image_3323.jpg;29;4.277.738
image_3325.jpg;62;3.617.440
image_3329.jpg;30;3.667.273
image_333.jpg;25;2.846.408
image_3330.jpg;45;3.097.893
image_3331.jpg;23;4.700.804
image_3332.jpg;41;4.719.399
image_3334.jpg;52;3.934.774
image_3337.jpg;38;4.310.273
image_3338.jpg;20;2.838.197
image_334.jpg;26;4.189.935
image_3341.jpg;17;2.987.218
image_3342.jpg;36;5.562.673
image_3343.jpg;37;4.854.084
image_3344.jpg;42;4.813.176
image_3346.jpg;23;4.943.035
image_3349.jpg;39;4.273.432
image_3350.jpg;35;4.798.003
image_3352.jpg;24;4.132.909
image_3353.jpg;61;3.603.384
image_3358.jpg;41;4.153.517
image_3359.jpg;42;4.443.658
image_336.jpg;27;3.415.939
image_3360.jpg;38;5.802.885
image_3362.jpg;59;4.733.741
image_3363.jpg;26;4.099.994
image_3365.jpg;22;3.981.438
image_3366.jpg;28;3.589.681
image_3367.jpg;28;4.915.933
image_3371.jpg;33;5.434.521
image_3372.jpg;31;3.453.822
image_3373.jpg;39;5.116.397
image_3376.jpg;32;5.035.959
image_3378.jpg;33;4.310.195
image_3380.jpg;26;4.739.433
image_3382.jpg;25;5.220.228
image_3383.jpg;37;5.110.338
image_3384.jpg;30;3.958.973
image_3386.jpg;22;3.260.775
image_3387.jpg;42;3.201.080
image_3388.jpg;21;3.274.591
image_3389.jpg;14;2.913.570
image_339.jpg;28;3.267.194
image_3390.jpg;25;3.898.225
image_3393.jpg;41;4.984.727
image_3394.jpg;34;4.121.210
image_3397.jpg;44;4.226.035
image_3399.jpg;26;3.935.812
image_340.jpg;27;3.363.216
image_3401.jpg;25;3.293.050
image_3405.jpg;21;4.109.609
image_3406.jpg;31;4.852.366
image_3407.jpg;30;4.122.831
image_3408.jpg;24;4.038.014
image_341.jpg;39;4.696.938
image_3410.jpg;30;4.194.953
image_3412.jpg;27;5.465.206
image_3416.jpg;21;4.601.790
image_3417.jpg;49;4.517.127
image_3418.jpg;43;4.651.869
image_342.jpg;35;2.749.933
image_3421.jpg;56;4.659.793
image_3423.jpg;18;3.028.127
image_3426.jpg;21;3.618.546
image_3428.jpg;18;2.818.616
image_343.jpg;30;2.412.983
image_3430.jpg;36;4.903.606
image_3431.jpg;39;6.044.056
image_3433.jpg;52;4.942.646
image_3434.jpg;23;3.561.952
image_3436.jpg;26;3.529.223
image_3438.jpg;38;5.551.109
image_3439.jpg;37;3.955.260
image_344.jpg;52;4.546.809
image_3440.jpg;27;3.990.730
image_3443.jpg;35;5.343.315
image_3444.jpg;28;4.362.052
image_3448.jpg;15;1.493.182
image_3449.jpg;30;4.137.174
image_345.jpg;35;3.952.379
image_3450.jpg;28;3.878.344
image_3452.jpg;59;4.184.421
image_3453.jpg;46;4.335.641
image_3454.jpg;41;4.640.171
image_3457.jpg;24;4.481.908
image_3458.jpg;42;3.661.716
image_346.jpg;26;2.994.042
image_3461.jpg;18;3.667.807
image_3463.jpg;27;4.768.605
image_3464.jpg;22;3.867.172
image_3467.jpg;58;5.772.486
image_3468.jpg;9;2.334.390
image_3471.jpg;12;3.287.716
image_3475.jpg;36;5.662.263
image_3476.jpg;72;4.898.136
image_3478.jpg;49;3.645.443
image_3480.jpg;51;3.877.617
image_3482.jpg;47;4.362.470
image_3484.jpg;38;3.941.940
image_3485.jpg;25;3.630.385
image_3486.jpg;31;3.316.283
image_3488.jpg;34;5.755.211
image_3491.jpg;47;5.022.173
image_3495.jpg;40;5.105.977
image_3496.jpg;26;3.110.220
image_3498.jpg;22;3.828.524
image_350.jpg;37;3.604.731
image_3502.jpg;38;5.372.948
image_3503.jpg;48;4.536.636
image_3504.jpg;37;5.153.249
image_3505.jpg;29;4.169.422
image_3506.jpg;28;3.303.571
image_3509.jpg;24;3.728.850
image_3511.jpg;35;4.878.549
image_3512.jpg;29;3.282.953
image_3514.jpg;51;4.407.216
image_3515.jpg;21;4.247.209
image_3516.jpg;32;4.165.271
image_352.jpg;33;3.415.939
image_3521.jpg;42;4.990.295
image_3523.jpg;16;3.472.986
image_3525.jpg;31;3.784.198
image_3526.jpg;28;3.911.111
image_3528.jpg;26;4.349.525
image_3529.jpg;28;4.419.237
image_353.jpg;36;4.133.610
image_3531.jpg;22;4.528.763
image_3532.jpg;21;5.267.450
image_3538.jpg;44;3.637.251
image_3541.jpg;31;4.186.113
image_3542.jpg;25;3.256.252
image_3544.jpg;27;2.939.478
image_3547.jpg;23;3.485.326
image_3549.jpg;16;3.678.352
image_3551.jpg;19;3.253.886
image_3552.jpg;19;3.660.306
image_3553.jpg;28;4.536.500
image_3554.jpg;26;4.019.580
image_3555.jpg;50;1.972.027
image_3556.jpg;50;4.291.805
image_3559.jpg;28;3.538.559
image_356.jpg;35;4.422.166
image_3560.jpg;27;4.557.550
image_3561.jpg;30;4.706.442
image_3562.jpg;27;4.387.482
image_3563.jpg;41;4.518.288
image_3564.jpg;24;4.113.198
image_3565.jpg;31;3.855.155
image_3571.jpg;27;5.597.097
image_3574.jpg;22;4.361.284
image_3576.jpg;52;3.712.442
image_3577.jpg;22;4.387.482
image_3579.jpg;29;4.923.413
image_3580.jpg;25;4.304.488
image_3582.jpg;22;3.623.594
image_3583.jpg;27;4.634.608
image_3585.jpg;41;4.257.143
image_3587.jpg;23;3.607.673
image_359.jpg;45;5.948.856
image_3590.jpg;21;3.254.228
image_3591.jpg;21;4.434.516
image_3593.jpg;34;4.088.034
image_3594.jpg;25;4.115.125
image_3595.jpg;28;4.226.971
image_3598.jpg;23;2.617.250
image_36.jpg;52;3.503.066
image_360.jpg;71;3.732.157
image_3601.jpg;36;5.916.180
image_3607.jpg;28;4.699.291
image_3608.jpg;34;4.411.544
image_3609.jpg;57;3.507.044
image_3610.jpg;21;3.904.067
image_3611.jpg;31;3.681.787
image_3612.jpg;28;4.335.897
image_3613.jpg;41;4.730.985
image_3615.jpg;20;3.639.795
image_3618.jpg;26;4.358.899
image_3620.jpg;28;3.583.328
image_3621.jpg;19;3.393.411
image_3622.jpg;22;3.737.944
image_3623.jpg;49;4.541.001
image_3625.jpg;23;4.345.844
image_3628.jpg;27;3.148.021
image_363.jpg;60;3.477.740
image_3630.jpg;29;4.292.026
image_3634.jpg;31;3.553.604
image_3638.jpg;40;4.986.203
image_3639.jpg;27;4.129.165
image_364.jpg;33;3.203.952
image_3643.jpg;18;3.764.887
image_3644.jpg;17;2.304.999
image_3646.jpg;34;4.445.181
image_3648.jpg;20;2.932.054
image_3649.jpg;24;3.993.759
image_3650.jpg;35;4.998.437
image_3651.jpg;20;4.060.095
image_3653.jpg;33;3.796.014
image_3654.jpg;28;3.581.081
image_3660.jpg;25;3.980.723
image_3661.jpg;29;3.039.351
image_3664.jpg;23;5.152.495
image_3666.jpg;28;3.411.582
image_3667.jpg;21;2.782.049
image_3672.jpg;24;2.872.255
image_3673.jpg;23;3.505.098
image_3675.jpg;27;4.905.224
image_3679.jpg;20;2.840.592
image_3680.jpg;19;2.856.571
image_3681.jpg;24;3.275.498
image_3684.jpg;19;3.180.496
image_3685.jpg;23;2.753.785
image_3686.jpg;48;4.921.875
image_3687.jpg;30;3.860.355
image_3689.jpg;25;3.351.234
image_369.jpg;54;5.354.126
image_3690.jpg;23;2.732.187
image_3691.jpg;22;3.258.466
image_3692.jpg;29;5.299.692
image_3693.jpg;28;3.967.752
image_3694.jpg;24;4.050.699
image_3695.jpg;28;4.766.459
image_3696.jpg;36;4.489.304
image_3697.jpg;20;4.135.461
image_3702.jpg;23;3.063.944
image_3703.jpg;18;2.388.863
image_3706.jpg;20;5.559.594
image_3707.jpg;18;3.461.535
image_3711.jpg;25;3.214.967
image_3714.jpg;27;3.920.876
image_3718.jpg;21;4.359.082
image_3719.jpg;27;4.200.986
image_372.jpg;28;3.666.577
image_3720.jpg;28;3.569.742
image_3724.jpg;26;4.852.577
image_3725.jpg;34;4.555.217
image_3728.jpg;23;4.488.061
image_373.jpg;59;3.094.574
image_3732.jpg;22;3.428.728
image_3735.jpg;25;4.616.666
image_374.jpg;56;5.512.612
image_3744.jpg;46;3.443.758
image_3745.jpg;19;2.734.152
image_3746.jpg;21;3.938.274
image_3748.jpg;30;3.593.358
image_3752.jpg;26;5.157.222
image_3757.jpg;24;3.855.374
image_3758.jpg;19;3.627.184
image_3763.jpg;20;3.128.698
image_3765.jpg;36;5.536.144
image_3766.jpg;28;3.839.244
image_3768.jpg;45;3.986.226
image_3769.jpg;22;3.411.728
image_377.jpg;63;5.469.658
image_3770.jpg;27;4.688.520
image_3772.jpg;18;3.525.137
image_3774.jpg;30;4.616.877
image_3775.jpg;28;5.114.059
image_3776.jpg;21;3.061.446
image_378.jpg;40;3.835.920
image_3781.jpg;20;3.347.260
image_3784.jpg;33;4.773.160
image_3787.jpg;24;3.774.803
image_3788.jpg;22;3.472.111
image_3789.jpg;28;4.367.714
image_3790.jpg;21;3.509.659
image_3796.jpg;50;5.215.373
image_38.jpg;25;3.484.777
image_3800.jpg;22;4.091.414
image_3801.jpg;29;5.379.951
image_3803.jpg;23;4.358.220
image_3804.jpg;26;4.170.798
image_3808.jpg;19;3.911.748
image_3809.jpg;16;2.416.609
image_3810.jpg;19;3.567.562
image_3814.jpg;29;4.059.651
image_3815.jpg;39;5.115.174
image_3816.jpg;31;2.899.952
image_3819.jpg;29;3.635.966
image_3821.jpg;32;4.517.699
image_3823.jpg;19;2.499.219
image_3825.jpg;33;4.339.739
image_3827.jpg;27;4.263.510
image_3828.jpg;26;4.258.027
image_383.jpg;33;2.014.739
image_3830.jpg;18;3.070.423
image_3832.jpg;29;4.489.888
image_3834.jpg;30;3.585.151
image_3835.jpg;23;3.279.660
image_3837.jpg;38;4.701.469
image_3844.jpg;20;3.806.546
image_3845.jpg;55;4.714.743
image_3847.jpg;21;4.552.167
image_3848.jpg;26;3.853.838
image_3850.jpg;32;4.516.898
image_3853.jpg;28;6.696.285
image_3854.jpg;32;3.352.394
image_3856.jpg;34;4.696.334
image_3863.jpg;25;4.299.515
image_3867.jpg;23;3.958.930
image_387.jpg;46;3.527.929
image_3870.jpg;34;4.839.651
image_3871.jpg;27;4.712.749
image_3873.jpg;29;4.860.240
image_3877.jpg;29;5.517.019
image_3879.jpg;15;2.448.692
image_3881.jpg;17;2.983.827
image_3882.jpg;40;3.622.492
image_3885.jpg;52;4.339.539
image_3887.jpg;27;3.831.484
image_3889.jpg;29;3.965.223
image_389.jpg;36;3.122.736
image_3890.jpg;60;5.279.972
image_3892.jpg;26;3.395.217
image_3893.jpg;40;4.085.884
image_3894.jpg;28;4.030.496
image_3895.jpg;37;5.734.762
image_3896.jpg;24;4.716.663
image_3897.jpg;24;4.563.624
image_3898.jpg;33;5.681.897
image_3899.jpg;33;3.879.678
image_39.jpg;24;2.124.659
image_390.jpg;43;5.192.715
image_3903.jpg;27;4.668.513
image_3905.jpg;38;4.454.137
image_3906.jpg;23;3.640.055
image_391.jpg;42;5.955.760
image_3910.jpg;39;4.532.459
image_3911.jpg;50;4.993.746
image_3912.jpg;51;3.831.416
image_3919.jpg;31;2.360.791
image_392.jpg;37;3.538.462
image_3921.jpg;24;3.691.432
image_3922.jpg;41;3.766.630
image_3925.jpg;22;4.532.591
image_3926.jpg;22;3.738.723
image_3927.jpg;23;4.173.668
image_393.jpg;29;4.290.474
image_3931.jpg;26;4.482.063
image_3933.jpg;29;3.769.844
image_3935.jpg;16;3.781.121
image_3938.jpg;34;5.495.048
image_394.jpg;34;2.956.866
image_3940.jpg;22;3.264.007
image_3941.jpg;25;3.765.875
image_3942.jpg;26;3.656.651
image_3943.jpg;27;5.169.056
image_3944.jpg;23;4.014.418
image_3945.jpg;18;3.977.616
image_3947.jpg;18;4.252.850
image_395.jpg;36;3.911.748
image_3953.jpg;49;4.781.824
image_3954.jpg;53;3.152.908
image_3955.jpg;30;4.874.763
image_3959.jpg;30;4.209.704
image_396.jpg;32;2.798.809
image_3962.jpg;28;3.396.518
image_3968.jpg;47;3.960.549
image_3969.jpg;24;3.408.540
image_397.jpg;36;3.354.763
image_3973.jpg;18;2.487.803
image_3974.jpg;15;2.668.792
image_3975.jpg;25;4.535.574
image_3977.jpg;42;5.453.719
image_3978.jpg;34;3.755.268
image_398.jpg;35;4.604.789
image_3983.jpg;33;3.802.183
image_3984.jpg;33;3.695.129
image_3985.jpg;31;3.784.308
image_3987.jpg;30;4.038.390
image_3991.jpg;18;4.365.615
image_3992.jpg;25;3.530.187
image_3993.jpg;17;3.004.249
image_3997.jpg;14;2.415.934
image_3999.jpg;30;4.599.009
image_400.jpg;29;3.774.917
image_4001.jpg;56;4.868.645
image_4002.jpg;34;4.007.390
image_4003.jpg;15;2.699.987
image_4008.jpg;36;2.813.959
image_4009.jpg;36;3.869.396
image_4010.jpg;37;4.610.857
image_4014.jpg;36;4.091.702
image_4016.jpg;35;3.879.290
image_4019.jpg;24;2.865.149
image_4020.jpg;25;3.682.557
image_4022.jpg;23;4.527.693
image_4023.jpg;19;2.496.873
image_4025.jpg;19;3.848.370
image_4026.jpg;49;4.845.782
image_4027.jpg;24;5.221.413
image_4029.jpg;14;1.358.323
image_403.jpg;49;5.642.405
image_4032.jpg;24;3.221.826
image_4034.jpg;51;4.948.737
image_4038.jpg;30;4.670.931
image_4039.jpg;23;3.684.201
image_4041.jpg;23;4.521.239
image_4043.jpg;19;3.263.264
image_4046.jpg;21;4.991.830
image_4048.jpg;36;4.844.495
image_4050.jpg;17;2.056.597
image_4054.jpg;24;4.700.932
image_4058.jpg;35;4.487.293
image_4061.jpg;19;2.717.465
image_4063.jpg;21;3.444.823
image_4064.jpg;50;4.708.460
image_4066.jpg;34;5.256.723
image_4069.jpg;27;4.366.500
image_4070.jpg;21;4.712.608
image_4072.jpg;22;2.925.842
image_4073.jpg;18;2.789.375
image_4074.jpg;37;5.085.656
image_4076.jpg;26;3.032.602
image_4078.jpg;25;4.060.763
image_4079.jpg;15;2.586.898
image_408.jpg;30;4.359.578
image_4081.jpg;24;3.752.711
image_4083.jpg;18;3.080.179
image_4084.jpg;51;5.460.997
image_4086.jpg;40;5.335.000
image_4087.jpg;49;3.700.601
image_4088.jpg;51;3.325.446
image_409.jpg;44;3.835.369
image_4093.jpg;20;4.445.736
image_4095.jpg;16;2.459.167
image_4096.jpg;23;4.474.987
image_4098.jpg;16;2.560.682
image_410.jpg;24;3.178.371
image_4103.jpg;24;3.281.780
image_4104.jpg;19;2.767.339
image_411.jpg;32;3.901.567
image_4111.jpg;25;5.116.208
image_4114.jpg;26;4.881.473
image_4121.jpg;26;3.378.122
image_4123.jpg;24;3.659.994
image_4125.jpg;33;4.189.935
image_4127.jpg;24;5.413.389
image_413.jpg;33;3.308.153
image_4131.jpg;22;4.214.309
image_4132.jpg;26;4.456.089
image_4133.jpg;17;2.844.097
image_4134.jpg;34;4.756.900
image_4137.jpg;34;4.620.275
image_4140.jpg;24;3.802.795
image_4141.jpg;26;2.743.629
image_4143.jpg;17;3.881.580
image_4149.jpg;28;4.974.506
image_4151.jpg;34;4.769.696
image_416.jpg;37;3.200.765
image_4163.jpg;53;5.087.480
image_4170.jpg;22;4.867.061
image_4173.jpg;42;3.791.781
image_4174.jpg;42;4.499.904
image_4179.jpg;39;5.101.062
image_4180.jpg;45;5.134.553
image_4182.jpg;14;2.454.316
image_4185.jpg;17;2.560.382
image_4187.jpg;24;3.626.856
image_4188.jpg;21;3.935.708
image_4189.jpg;34;4.400.091
image_419.jpg;44;4.253.784
image_42.jpg;23;3.565.392
image_420.jpg;26;2.868.727
image_4205.jpg;16;1.697.056
image_4206.jpg;17;3.668.770
image_4207.jpg;17;3.395.585
image_4208.jpg;31;3.229.330
image_4210.jpg;19;3.375.730
image_4213.jpg;20;3.380.459
image_4214.jpg;19;2.745.238
image_4215.jpg;26;4.534.314
image_4217.jpg;27;4.308.422
image_422.jpg;38;3.932.869
image_4222.jpg;9;2.470.231
image_4223.jpg;21;3.473.071
image_4225.jpg;29;3.034.664
image_4227.jpg;59;3.475.694
image_423.jpg;38;3.386.363
image_4231.jpg;19;3.641.733
image_4232.jpg;23;3.785.639
image_4235.jpg;41;3.789.377
image_4237.jpg;43;3.613.565
image_4241.jpg;19;2.669.270
image_4242.jpg;21;3.430.555
image_4247.jpg;23;3.997.158
image_4248.jpg;24;3.803.268
image_4250.jpg;27;4.919.182
image_4252.jpg;40;4.787.076
image_4254.jpg;19;4.150.854
image_4255.jpg;15;3.356.383
image_4257.jpg;21;3.577.851
image_4261.jpg;16;2.664.694
image_4262.jpg;13;2.692.582
image_4269.jpg;18;2.538.591
image_427.jpg;43;3.859.975
image_4270.jpg;17;3.479.464
image_4274.jpg;23;3.979.888
image_4276.jpg;20;4.189.394
image_4277.jpg;36;3.929.058
image_4279.jpg;30;4.296.496
image_428.jpg;38;5.016.808
image_4280.jpg;24;4.091.828
image_4281.jpg;19;3.372.530
image_4286.jpg;24;3.837.823
image_4287.jpg;24;4.558.576
image_429.jpg;55;5.695.425
image_4291.jpg;32;4.663.848
image_4295.jpg;25;3.537.698
image_4296.jpg;25;2.628.635
image_4297.jpg;31;4.071.885
image_4299.jpg;26;5.182.878
image_43.jpg;23;2.806.427
image_430.jpg;37;4.389.226
image_4300.jpg;26;3.896.437
image_4301.jpg;22;5.134.138
image_4303.jpg;22;2.015.496
image_4304.jpg;23;4.399.474
image_4305.jpg;29;5.034.574
image_4306.jpg;31;4.907.824
image_4308.jpg;21;3.193.048
image_4309.jpg;35;5.957.628
image_431.jpg;33;2.898.684
image_4310.jpg;19;2.858.036
image_4311.jpg;33;3.935.125
image_4313.jpg;21;4.774.242
image_4316.jpg;22;3.518.058
image_4317.jpg;49;5.264.557
image_4318.jpg;50;4.166.647
image_4319.jpg;40;4.812.856
image_432.jpg;51;4.686.890
image_4322.jpg;33;4.667.653
image_4323.jpg;32;5.557.812
image_4326.jpg;21;4.296.769
image_4327.jpg;18;4.007.646
image_4328.jpg;29;3.574.285
image_4329.jpg;30;3.929.721
image_433.jpg;59;4.431.579
image_4331.jpg;18;3.992.979
image_4336.jpg;17;3.774.917
image_434.jpg;33;3.847.799
image_4340.jpg;29;4.366.434
image_4342.jpg;22;2.977.231
image_4344.jpg;18;2.793.457
image_4347.jpg;24;3.606.938
image_4348.jpg;18;3.063.944
image_435.jpg;46;4.806.989
image_4350.jpg;20;3.514.547
image_4351.jpg;21;3.016.959
image_4356.jpg;54;3.537.733
image_4359.jpg;21;3.896.437
image_436.jpg;43;5.241.395
image_4362.jpg;23;4.599.974
image_4363.jpg;57;4.851.645
image_4364.jpg;42;3.330.302
image_4368.jpg;21;4.736.863
image_4371.jpg;19;2.250.850
image_4372.jpg;32;3.429.769
image_4373.jpg;19;2.526.306
image_4375.jpg;28;4.609.349
image_4376.jpg;14;2.320.537
image_438.jpg;29;3.855.374
image_4380.jpg;26;4.383.847
image_4386.jpg;14;1.090.050
image_4390.jpg;21;2.777.689
image_4392.jpg;20;3.072.368
image_4393.jpg;21;3.832.283
image_4394.jpg;24;3.987.220
image_4395.jpg;24;2.384.848
image_4396.jpg;16;4.108.851
image_4398.jpg;26;4.913.790
image_44.jpg;8;2.995.901
image_440.jpg;28;4.429.594
image_4400.jpg;27;3.879.659
image_4401.jpg;38;5.122.798
image_4402.jpg;27;3.778.859
image_4404.jpg;18;3.681.171
image_4405.jpg;19;4.255.449
image_4406.jpg;25;4.227.103
image_4407.jpg;53;4.378.971
image_4411.jpg;18;4.130.628
image_4418.jpg;21;3.392.075
image_442.jpg;24;3.779.421
image_4421.jpg;32;3.906.689
image_4425.jpg;56;5.064.817
image_4426.jpg;20;4.337.779
image_4428.jpg;28;4.122.831
image_4429.jpg;29;5.062.870
image_4430.jpg;53;5.530.978
image_4431.jpg;58;3.630.733
image_4432.jpg;55;4.249.967
image_4433.jpg;56;3.567.757
image_4437.jpg;51;5.422.929
image_4438.jpg;37;3.661.732
image_4441.jpg;17;1.268.648
image_4442.jpg;55;5.264.557
image_4445.jpg;24;2.821.203
image_4447.jpg;56;3.472.751
image_4450.jpg;59;5.871.042
image_4452.jpg;26;3.580.702
image_4454.jpg;20;2.400.690
image_4457.jpg;41;4.923.077
image_4459.jpg;40;3.916.631
image_446.jpg;26;2.965.282
image_4460.jpg;20;4.216.058
image_4461.jpg;42;4.258.977
image_4462.jpg;26;4.613.988
image_4465.jpg;36;4.959.004
image_4466.jpg;39;5.135.497
image_4470.jpg;26;3.234.658
image_4471.jpg;29;3.997.777
image_4472.jpg;16;2.433.818
image_4474.jpg;23;5.055.901
image_4475.jpg;21;3.410.750
image_4478.jpg;24;3.111.040
image_448.jpg;26;2.939.227
image_4480.jpg;55;5.127.703
image_4481.jpg;57;3.737.944
image_4482.jpg;20;4.061.391
image_4484.jpg;33;5.922.532
image_4488.jpg;48;5.012.872
image_4489.jpg;47;4.790.902
image_449.jpg;28;4.537.810
image_4490.jpg;27;3.713.083
image_4492.jpg;24;3.159.465
image_4493.jpg;44;4.825.527
image_4496.jpg;25;4.430.929
image_4499.jpg;42;5.645.449
image_45.jpg;16;1.385.051
image_4500.jpg;17;2.462.158
image_4502.jpg;19;3.110.220
image_4503.jpg;24;3.682.144
image_4505.jpg;15;1.846.121
image_4506.jpg;32;5.530.718
image_4507.jpg;36;5.437.107
image_4509.jpg;46;4.425.690
image_4511.jpg;31;4.014.679
image_4512.jpg;21;2.962.701
image_4513.jpg;32;4.382.511
image_4516.jpg;22;3.362.731
image_4517.jpg;21;4.623.552
image_4518.jpg;19;3.534.091
image_4519.jpg;32;4.901.105
image_4520.jpg;61;5.016.639
image_4523.jpg;74;4.963.643
image_4524.jpg;60;3.138.294
image_4526.jpg;8;1.980.775
image_4529.jpg;82;5.642.694
image_4530.jpg;66;3.713.083
image_4531.jpg;48;5.166.644
image_4532.jpg;12;1.472.538
image_4535.jpg;25;4.046.288
image_4536.jpg;30;3.660.071
image_4537.jpg;28;4.078.940
image_4538.jpg;17;3.255.081
image_4539.jpg;18;2.985.958
image_4544.jpg;25;3.562.589
image_455.jpg;30;5.372.514
image_4550.jpg;40;4.356.183
image_4552.jpg;17;2.796.824
image_4553.jpg;17;2.474.358
image_4554.jpg;32;5.074.592
image_4557.jpg;35;5.356.071
image_4558.jpg;22;3.943.936
image_4559.jpg;24;4.768.626
image_456.jpg;30;5.424.158
image_4561.jpg;21;3.851.848
image_4562.jpg;21;2.365.785
image_4563.jpg;20;3.753.412
image_4567.jpg;28;4.909.933
image_457.jpg;24;3.291.403
image_4570.jpg;19;2.913.704
image_4571.jpg;17;2.460.804
image_4572.jpg;32;3.520.019
image_4573.jpg;35;3.863.369
image_4576.jpg;6;1.950.404
image_4577.jpg;17;2.934.174
image_4579.jpg;46;4.659.995
image_4580.jpg;33;3.577.851
image_4582.jpg;23;5.208.000
image_4583.jpg;19;4.273.952
image_4584.jpg;27;3.622.068
image_4585.jpg;63;4.072.264
image_4586.jpg;19;3.408.423
image_4587.jpg;36;4.735.680
image_4588.jpg;20;2.631.249
image_459.jpg;23;3.765.304
image_4590.jpg;29;4.696.938
image_4591.jpg;24;4.813.353
image_4592.jpg;21;3.798.245
image_4596.jpg;30;1.920.286
image_4597.jpg;29;5.413.563
image_4598.jpg;30;4.303.666
image_46.jpg;41;4.954.543
image_460.jpg;27;3.431.494
image_4600.jpg;31;5.233.819
image_4601.jpg;19;2.567.434
image_4602.jpg;41;3.764.089
image_4604.jpg;28;2.963.481
image_4606.jpg;34;3.195.781
image_4607.jpg;23;4.456.135
image_4609.jpg;33;4.116.294
image_4613.jpg;37;4.487.637
image_4617.jpg;23;4.017.324
image_4620.jpg;25;3.582.839
image_4622.jpg;29;5.091.510
image_4623.jpg;21;4.118.153
image_4625.jpg;29;4.994.385
image_4628.jpg;18;3.401.960
image_4629.jpg;23;4.007.390
image_463.jpg;24;3.429.769
image_4630.jpg;51;5.529.592
image_4632.jpg;22;2.630.279
image_4634.jpg;19;3.198.373
image_4641.jpg;21;2.867.900
image_4644.jpg;23;3.280.244
image_4646.jpg;30;3.989.783
image_4652.jpg;24;5.016.808
image_4653.jpg;16;3.226.169
image_4654.jpg;14;1.641.304
image_4656.jpg;24;4.822.286
image_4659.jpg;22;3.020.339
image_466.jpg;27;3.477.740
image_4660.jpg;33;4.367.232
image_4661.jpg;31;4.038.151
image_4664.jpg;18;2.524.371
image_4666.jpg;20;3.398.679
image_4668.jpg;15;1.667.517
image_467.jpg;26;5.180.756
image_4670.jpg;15;1.707.500
image_4672.jpg;30;4.746.846
image_4673.jpg;28;4.890.517
image_4675.jpg;35;4.731.570
image_4677.jpg;36;5.758.214
image_4679.jpg;51;3.335.999
image_4682.jpg;25;2.963.481
image_4684.jpg;28;5.030.573
image_4687.jpg;21;3.282.607
image_4689.jpg;48;3.650.403
image_469.jpg;30;4.437.060
image_4692.jpg;17;3.681.787
image_4693.jpg;28;5.267.967
image_4694.jpg;28;4.757.379
image_4695.jpg;23;4.024.370
image_47.jpg;21;4.829.181
image_4700.jpg;24;3.655.133
image_4701.jpg;21;2.858.036
image_4702.jpg;23;3.762.160
image_4706.jpg;17;3.311.236
image_4707.jpg;18;3.422.799
image_471.jpg;33;4.143.863
image_4711.jpg;54;5.413.741
image_4712.jpg;34;4.855.552
image_4713.jpg;28;3.399.346
image_4715.jpg;52;3.499.789
image_4718.jpg;20;3.499.271
image_4719.jpg;16;2.061.283
image_472.jpg;41;4.249.183
image_4721.jpg;31;4.488.737
image_4723.jpg;20;2.677.984
image_4725.jpg;31;2.199.258
image_4727.jpg;56;3.782.551
image_4728.jpg;32;2.824.240
image_4729.jpg;43;5.009.083
image_4730.jpg;36;4.959.004
image_4731.jpg;54;3.703.918
image_4738.jpg;16;2.463.941
image_474.jpg;42;5.090.159
image_4742.jpg;18;2.523.265
image_4747.jpg;21;2.818.489
image_4749.jpg;28;4.365.267
image_475.jpg;42;5.291.503
image_4750.jpg;22;3.423.773
image_4751.jpg;27;5.960.611
image_4752.jpg;28;4.227.271
image_4753.jpg;23;3.689.101
image_4754.jpg;18;2.092.534
image_4756.jpg;18;2.294.625
image_4759.jpg;25;4.569.754
image_4761.jpg;53;3.229.035
image_4762.jpg;14;2.333.192
image_4763.jpg;17;3.653.346
image_4764.jpg;18;3.685.407
image_4765.jpg;20;3.374.575
image_4768.jpg;20;3.776.944
image_4769.jpg;18;2.575.394
image_477.jpg;54;5.328.122
image_4770.jpg;16;3.179.173
image_4771.jpg;18;2.807.606
image_4774.jpg;20;3.286.491
image_4775.jpg;19;3.537.698
image_4777.jpg;52;3.791.925
image_4778.jpg;54;3.498.571
image_4779.jpg;51;2.368.431
image_478.jpg;58;5.145.116
image_4780.jpg;53;4.131.141
image_4781.jpg;51;1.440.968
image_4783.jpg;53;3.751.851
image_4784.jpg;26;4.452.245
image_4785.jpg;29;4.937.836
image_4787.jpg;51;4.480.068
image_4788.jpg;25;4.318.436
image_4792.jpg;20;3.820.594
image_4793.jpg;51;3.303.870
image_4794.jpg;52;2.335.398
image_4796.jpg;59;2.576.636
image_4797.jpg;21;4.026.539
image_4799.jpg;24;4.925.983
image_4801.jpg;27;4.218.102
image_4802.jpg;29;4.002.957
image_4804.jpg;17;3.313.948
image_4806.jpg;23;4.138.706
image_4808.jpg;16;2.587.148
image_4810.jpg;27;4.828.618
image_4811.jpg;29;3.598.159
image_4812.jpg;26;2.721.816
image_4813.jpg;26;3.517.449
image_4814.jpg;57;4.422.166
image_4815.jpg;39;4.765.951
image_4818.jpg;58;4.139.914
image_4819.jpg;21;4.454.211
image_4820.jpg;37;5.789.196
image_4821.jpg;35;4.424.521
image_4824.jpg;21;3.534.091
image_4839.jpg;34;4.567.702
image_4840.jpg;29;3.363.216
image_4842.jpg;34;4.907.427
image_4844.jpg;24;4.010.827
image_4846.jpg;44;3.996.526
image_4848.jpg;25;5.745.078
image_4849.jpg;21;2.483.620
image_4852.jpg;55;4.428.258
image_4853.jpg;37;4.216.706
image_4854.jpg;47;5.051.217
image_4855.jpg;45;4.068.852
image_4856.jpg;16;1.591.645
image_4861.jpg;67;4.422.166
image_4863.jpg;65;4.286.309
image_4865.jpg;25;4.697.979
image_4866.jpg;29;2.957.290
image_4867.jpg;28;4.750.940
image_4868.jpg;22;3.479.532
image_4869.jpg;29;3.843.609
image_487.jpg;39;4.999.408
image_4871.jpg;31;3.612.929
image_4873.jpg;23;3.359.422
image_4875.jpg;23;3.400.313
image_4877.jpg;38;5.122.499
image_4879.jpg;45;5.365.947
image_4880.jpg;23;3.151.031
image_4882.jpg;25;4.172.309
image_4883.jpg;63;4.857.740
image_4884.jpg;66;4.497.205
image_4887.jpg;25;4.909.383
image_4888.jpg;30;2.812.423
image_4891.jpg;34;4.713.069
image_4892.jpg;46;3.958.973
image_4894.jpg;20;2.792.052
image_4898.jpg;21;3.305.067
image_490.jpg;59;4.786.410
image_4901.jpg;23;4.105.127
image_4902.jpg;32;2.294.625
image_4907.jpg;28;4.138.706
image_4910.jpg;38;4.199.567
image_4911.jpg;14;2.374.396
image_4912.jpg;19;2.638.026
image_4913.jpg;25;4.083.941
image_4914.jpg;28;5.427.161
image_4915.jpg;37;3.337.738
image_4916.jpg;16;3.614.784
image_4918.jpg;17;2.161.821
image_4922.jpg;38;4.293.934
image_4923.jpg;41;3.927.020
image_4924.jpg;20;2.515.728
image_4925.jpg;16;2.763.649
image_4926.jpg;20;2.995.367
image_4927.jpg;15;1.967.186
image_4929.jpg;18;2.343.786
image_493.jpg;37;5.218.198
image_4930.jpg;15;1.906.079
image_4931.jpg;25;3.958.363
image_4933.jpg;22;2.281.907
image_4935.jpg;21;2.038.099
image_4937.jpg;23;4.065.786
image_4940.jpg;20;3.198.373
image_4944.jpg;13;3.051.430
image_4947.jpg;24;1.797.107
image_4948.jpg;13;1.790.838
image_4954.jpg;30;3.971.794
image_4956.jpg;48;5.289.266
image_4958.jpg;21;3.249.033
image_496.jpg;22;2.913.725
image_4960.jpg;23;3.374.743
image_4961.jpg;29;5.566.170
image_4962.jpg;28;4.479.087
image_4963.jpg;21;3.933.475
image_4964.jpg;23;3.855.155
image_4967.jpg;28;5.397.786
image_4969.jpg;34;4.720.596
image_497.jpg;26;3.234.430
image_4970.jpg;25;6.157.691
image_4971.jpg;21;3.329.675
image_4975.jpg;20;2.788.460
image_498.jpg;25;3.990.422
image_4981.jpg;42;4.716.450
image_4983.jpg;24;4.891.162
image_4984.jpg;22;3.319.973
image_4985.jpg;21;3.602.720
image_4987.jpg;21;4.464.190
image_4988.jpg;21;1.932.184
image_499.jpg;34;4.110.889
image_4991.jpg;21;2.178.431
image_4992.jpg;20;3.227.486
image_4993.jpg;20;3.201.389
image_4995.jpg;19;3.976.975
image_4996.jpg;21;1.851.640
image_4997.jpg;20;2.425.418
image_4999.jpg;19;2.143.725
image_5.jpg;20;3.994.737
image_500.jpg;43;4.389.226
image_5000.jpg;25;4.997.520
image_5002.jpg;23;4.208.985
image_5004.jpg;20;1.878.992
image_5005.jpg;20;2.133.312
image_5006.jpg;21;2.874.945
image_5007.jpg;20;2.516.611
image_5008.jpg;20;2.719.477
image_5009.jpg;21;2.631.249
image_5010.jpg;22;3.736.199
image_5012.jpg;20;1.712.698
image_5013.jpg;20;2.556.039
image_5015.jpg;21;3.093.773
image_5016.jpg;48;4.514.277
image_5017.jpg;47;4.076.197
image_5018.jpg;26;3.604.731
image_5019.jpg;20;3.464.102
image_502.jpg;47;6.602.850
image_5020.jpg;21;3.091.206
image_5021.jpg;18;2.719.477
image_5022.jpg;16;2.858.036
image_5026.jpg;20;2.908.990
image_5027.jpg;19;3.129.785
image_5028.jpg;26;3.979.540
image_503.jpg;25;2.790.516
image_5030.jpg;16;1.579.525
image_5033.jpg;30;4.199.733
image_5035.jpg;37;3.739.281
image_5038.jpg;17;3.917.517
image_504.jpg;24;3.051.430
image_5044.jpg;38;4.378.169
image_5045.jpg;15;1.874.915
image_5047.jpg;15;2.144.047
image_5048.jpg;22;3.721.410
image_505.jpg;39;4.822.286
image_5053.jpg;37;4.753.074
image_5054.jpg;34;3.291.403
image_5055.jpg;22;3.585.686
image_5058.jpg;36;4.271.189
image_5059.jpg;25;5.001.775
image_5060.jpg;23;2.708.013
image_5065.jpg;25;3.876.275
image_5066.jpg;24;3.574.285
image_5067.jpg;19;2.000.000
image_5068.jpg;17;3.481.731
image_507.jpg;28;3.709.894
image_5076.jpg;18;2.019.007
image_5078.jpg;17;1.934.698
image_5079.jpg;21;3.893.202
image_508.jpg;23;3.390.413
image_510.jpg;23;3.813.709
image_513.jpg;61;4.321.871
image_514.jpg;24;3.938.947
image_519.jpg;50;5.589.549
image_52.jpg;53;5.032.322
image_520.jpg;47;4.973.912
image_522.jpg;38;3.186.510
image_526.jpg;58;4.325.513
image_530.jpg;54;3.645.443
image_532.jpg;57;3.773.997
image_534.jpg;50;4.593.696
image_535.jpg;54;5.637.995
image_537.jpg;49;3.892.034
image_538.jpg;58;3.849.861
image_539.jpg;42;4.403.153
image_54.jpg;31;4.158.076
image_541.jpg;48;5.040.663
image_543.jpg;40;5.678.297
image_544.jpg;43;4.616.666
image_545.jpg;47;3.983.695
image_547.jpg;50;4.895.333
image_548.jpg;35;3.625.308
image_552.jpg;31;4.283.928
image_553.jpg;42;4.213.250
image_556.jpg;33;3.127.397
image_557.jpg;37;4.696.719
image_558.jpg;28;3.130.658
image_559.jpg;51;4.967.349
image_56.jpg;25;3.724.683
image_561.jpg;52;5.230.769
image_564.jpg;51;4.079.100
image_565.jpg;51;4.751.462
image_566.jpg;59;4.609.019
image_57.jpg;24;3.139.964
image_570.jpg;37;3.946.693
image_572.jpg;53;3.839.669
image_573.jpg;51;2.503.059
image_574.jpg;53;4.990.964
image_575.jpg;50;4.823.412
image_576.jpg;51;3.554.244
image_578.jpg;36;4.678.556
image_579.jpg;51;4.288.227
image_58.jpg;23;2.827.296
image_580.jpg;56;3.143.669
image_581.jpg;47;4.775.041
image_585.jpg;60;4.252.392
image_586.jpg;57;4.079.100
image_59.jpg;22;2.587.717
image_591.jpg;56;4.068.852
image_592.jpg;52;3.839.244
image_593.jpg;55;4.559.923
image_594.jpg;50;4.445.595
image_595.jpg;20;1.761.261
image_596.jpg;28;4.793.703
image_598.jpg;31;4.573.474
image_601.jpg;27;4.467.570
image_603.jpg;25;3.223.435
image_606.jpg;29;4.333.072
image_608.jpg;36;5.484.783
image_61.jpg;23;2.150.779
image_610.jpg;26;4.182.080
image_611.jpg;26;3.438.230
image_612.jpg;29;3.442.988
image_614.jpg;22;2.782.049
image_615.jpg;26;4.137.928
image_616.jpg;28;3.542.742
image_622.jpg;29;3.793.486
image_624.jpg;23;3.895.074
image_627.jpg;35;3.016.719
image_628.jpg;35;4.977.500
image_629.jpg;44;4.656.025
image_631.jpg;39;3.863.369
image_633.jpg;54;3.474.335
image_634.jpg;57;4.329.325
image_635.jpg;45;5.251.323
image_636.jpg;40;3.712.832
image_64.jpg;6;1.908.096
image_640.jpg;24;4.361.288
image_644.jpg;56;4.335.134
image_648.jpg;42;4.229.526
image_649.jpg;60;2.878.198
image_653.jpg;54;3.957.040
image_658.jpg;33;2.796.871
image_659.jpg;43;4.936.280
image_66.jpg;23;2.682.774
image_660.jpg;45;4.994.672
image_664.jpg;55;5.076.923
image_667.jpg;57;3.991.114
image_668.jpg;46;4.838.211
image_67.jpg;22;2.598.871
image_671.jpg;28;4.939.875
image_673.jpg;47;4.206.222
image_674.jpg;47;3.566.822
image_677.jpg;53;5.185.450
image_68.jpg;21;2.685.113
image_682.jpg;30;4.388.875
image_683.jpg;57;4.199.183
image_684.jpg;47;5.163.978
image_685.jpg;57;2.499.587
image_689.jpg;56;4.199.733
image_69.jpg;20;2.291.659
image_691.jpg;56;3.618.136
image_692.jpg;58;3.553.604
image_693.jpg;58;5.230.236
image_698.jpg;46;4.529.383
image_699.jpg;54;3.949.384
image_70.jpg;21;2.807.899
image_701.jpg;47;2.661.453
image_703.jpg;51;3.880.445
image_704.jpg;46;4.221.159
image_708.jpg;63;4.112.143
image_711.jpg;32;4.049.984
image_712.jpg;31;4.356.862
image_720.jpg;68;5.225.472
image_721.jpg;50;5.842.849
image_722.jpg;34;3.484.091
image_724.jpg;27;4.583.221
image_726.jpg;30;4.725.607
image_727.jpg;25;3.088.440
image_735.jpg;58;5.771.097
image_738.jpg;45;4.821.825
image_742.jpg;24;4.531.072
image_743.jpg;25;3.431.546
image_745.jpg;28;2.512.215
image_748.jpg;41;5.047.701
image_749.jpg;9;2.006.367
image_75.jpg;29;3.745.192
image_751.jpg;9;2.120.117
image_752.jpg;7;1.768.867
image_756.jpg;61;4.197.773
image_757.jpg;54;5.073.761
image_758.jpg;31;3.968.813
image_759.jpg;23;3.976.975
image_76.jpg;23;3.704.352
image_762.jpg;59;4.410.853
image_783.jpg;42;3.949.384
image_784.jpg;58;4.506.169
image_786.jpg;42;4.245.429
image_787.jpg;24;3.846.154
image_789.jpg;38;3.562.894
image_79.jpg;25;3.634.539
image_792.jpg;35;4.416.348
image_794.jpg;62;5.465.329
image_796.jpg;39;4.455.801
image_797.jpg;65;4.513.585
image_798.jpg;38;3.975.050
image_799.jpg;31;4.028.008
image_8.jpg;18;2.721.001
image_801.jpg;25;3.880.879
image_802.jpg;67;4.682.840
image_804.jpg;4;1.239.239
image_806.jpg;26;3.542.742
image_808.jpg;29;4.709.301
image_812.jpg;45;4.148.144
image_813.jpg;49;4.512.966
image_814.jpg;30;4.187.895
image_815.jpg;37;4.242.641
image_816.jpg;32;4.333.227
image_817.jpg;27;3.440.456
image_820.jpg;33;3.614.737
image_822.jpg;35;3.067.273
image_824.jpg;63;3.419.402
image_827.jpg;57;5.037.107
image_830.jpg;49;4.896.563
image_831.jpg;33;4.160.963
image_832.jpg;21;4.374.802
image_833.jpg;44;3.565.117
image_834.jpg;23;4.216.101
image_836.jpg;52;3.332.782
image_839.jpg;49;4.376.874
image_841.jpg;38;4.757.915
image_844.jpg;37;4.918.079
image_846.jpg;69;4.196.364
image_848.jpg;49;6.396.614
image_850.jpg;50;4.405.647
image_851.jpg;37;4.206.409
image_852.jpg;28;3.407.267
image_857.jpg;54;3.374.575
image_858.jpg;78;5.103.880
image_86.jpg;26;2.296.242
image_861.jpg;40;4.890.467
image_862.jpg;39;4.609.019
image_867.jpg;62;5.314.420
image_868.jpg;65;5.891.524
image_869.jpg;47;5.438.418
image_870.jpg;50;4.843.100
image_871.jpg;50;5.678.297
image_872.jpg;63;6.022.068
image_877.jpg;35;4.763.752
image_879.jpg;36;4.444.264
image_883.jpg;43;6.719.221
image_884.jpg;62;5.244.438
image_886.jpg;7;2.021.567
image_888.jpg;29;3.967.341
image_891.jpg;33;3.771.585
image_893.jpg;24;3.579.990
image_895.jpg;32;3.308.587
image_898.jpg;32;3.779.645
image_900.jpg;27;3.326.609
image_902.jpg;27;3.445.261
image_903.jpg;26;3.245.877
image_904.jpg;26;1.985.920
image_905.jpg;28;3.353.341
image_906.jpg;28;3.830.596
image_907.jpg;30;4.197.773
image_908.jpg;31;3.313.547
image_909.jpg;25;3.201.562
image_910.jpg;48;4.257.955
image_911.jpg;47;5.378.054
image_912.jpg;30;4.994.385
image_915.jpg;41;4.376.874
image_916.jpg;26;2.867.900
image_920.jpg;31;3.342.394
image_922.jpg;29;3.835.369
image_926.jpg;26;3.270.814
image_928.jpg;8;1.906.079
image_931.jpg;22;3.708.299
image_933.jpg;21;4.251.001
image_935.jpg;17;3.555.145
image_939.jpg;13;2.274.115
image_94.jpg;30;2.807.899
image_940.jpg;11;3.708.299
image_941.jpg;22;4.601.260
image_942.jpg;11;3.489.630
image_943.jpg;15;3.386.363
image_946.jpg;16;1.642.627
image_947.jpg;14;3.182.794
image_949.jpg;20;3.760.171
image_953.jpg;23;4.480.068
image_954.jpg;20;3.996.526
image_955.jpg;14;2.713.106
image_956.jpg;25;3.563.457
image_957.jpg;24;3.342.394
image_959.jpg;17;3.361.811
image_96.jpg;33;3.730.733
image_962.jpg;19;3.563.457
image_963.jpg;17;3.427.827
image_968.jpg;10;3.233.277
image_969.jpg;11;3.000.986
image_97.jpg;24;2.153.397
image_970.jpg;10;2.575.394
image_975.jpg;27;2.904.801
image_977.jpg;30;5.483.704
image_979.jpg;50;5.909.790
image_982.jpg;55;3.856.946
image_984.jpg;59;5.392.253
image_985.jpg;48;4.406.435
image_987.jpg;34;5.617.433
image_988.jpg;31;4.311.811
image_989.jpg;38;5.822.442
image_99.jpg;21;2.589.710
image_990.jpg;44;4.777.908
image_992.jpg;21;1.726.149
image_994.jpg;25;3.390.413
image_995.jpg;27;3.664.502
image_996.jpg;41;4.048.809
image_998.jpg;42;3.519.624
